date,venue_num,venue,motor_no,racer_no,racer_name,lane,place,ex_time,start_timing,race_number
20260630,1,桐生,27,3619,長谷川 充,1,5,6.82,0.17,1
20260630,1,桐生,72,4114,深澤 達徳,2,6,6.75,0.16,1
20260630,1,桐生,31,4151,下河 誉史,3,1,6.86,0.17,1
20260630,1,桐生,42,5076,石原 光,4,4,6.92,0.1,1
20260630,1,桐生,12,4631,新井 英孝,5,3,6.84,0.19,1
20260630,1,桐生,64,4918,川島 拓郎,6,2,6.75,0.08,1
20260630,1,桐生,45,4152,深水 慎一郎,1,1,6.58,0.07,2
20260630,1,桐生,21,4457,神田 達也,2,6,6.77,0.12,2
20260630,1,桐生,69,3909,佐々木 康幸,3,5,6.7,0.11,2
20260630,1,桐生,32,3532,柴田 光,4,2,6.75,0.14,2
20260630,1,桐生,30,3616,中村 真,5,3,6.69,0.15,2
20260630,1,桐生,56,3304,烏野 賢太,6,4,6.69,0.23,2
20260630,1,桐生,53,4376,藤田 靖弘,1,3,6.69,0.2,3
20260630,1,桐生,48,4740,齋藤 達希,2,6,6.74,0.2,3
20260630,1,桐生,52,4596,葛原 大陽,3,4,6.71,0.21,3
20260630,1,桐生,43,3793,高橋 真吾,6,5,6.83,0.19,3
20260630,1,桐生,49,5212,西川 拓利,5,2,6.84,0.11,3
20260630,1,桐生,70,4188,久田 敏之,4,1,6.82,0.15,3
20260630,1,桐生,17,4403,木下 大將,1,2,6.8,0.13,4
20260630,1,桐生,57,4258,関根 彰人,2,3,6.73,0.15,4
20260630,1,桐生,15,4695,尾崎 雄二,3,6,6.69,0.18,4
20260630,1,桐生,11,4131,原 豊土,4,5,6.73,0.26,4
20260630,1,桐生,46,4299,中島 浩哉,5,4,6.67,0.17,4
20260630,1,桐生,60,4468,大池 佑来,6,1,6.74,0.1,4
20260630,1,桐生,34,4357,田中 和也,1,1,6.69,0.07,5
20260630,1,桐生,50,4259,真庭 明志,2,6,6.78,0.13,5
20260630,1,桐生,64,4918,川島 拓郎,3,2,6.86,0.13,5
20260630,1,桐生,62,5289,佃 來紀,4,3,6.76,0.28,5
20260630,1,桐生,31,4151,下河 誉史,5,5,6.88,0.18,5
20260630,1,桐生,59,4276,鈴木 勝博,6,4,6.75,0.14,5
20260630,1,桐生,20,3997,北村 征嗣,1,1,6.69,0.07,6
20260630,1,桐生,73,5269,山口 晃朋,2,2,6.77,0.04,6
20260630,1,桐生,21,4457,神田 達也,3,3,6.93,0.11,6
20260630,1,桐生,26,4508,野間 大樹,4,4,6.71,0.15,6
20260630,1,桐生,72,4114,深澤 達徳,5,6,6.89,0.16,6
20260630,1,桐生,44,3947,寺本 昇平,6,5,6.78,0.17,6
20260630,1,桐生,71,4688,永井 彪也,1,1,6.76,0.1,7
20260630,1,桐生,35,4216,星 栄爾,2,3,6.62,0.09,7
20260630,1,桐生,56,3304,烏野 賢太,3,2,6.56,0.13,7
20260630,1,桐生,27,3619,長谷川 充,4,4,6.64,0.13,7
20260630,1,桐生,43,3793,高橋 真吾,5,6,6.78,0.08,7
20260630,1,桐生,42,5076,石原 光,6,5,6.8,0.08,7
20260630,1,桐生,41,3514,山一 鉄也,1,3,6.77,0.14,8
20260630,1,桐生,30,3616,中村 真,2,1,6.7,0.08,8
20260630,1,桐生,12,4631,新井 英孝,3,2,6.61,0.2,8
20260630,1,桐生,57,4258,関根 彰人,4,4,6.77,0.18,8
20260630,1,桐生,53,4376,藤田 靖弘,5,6,6.68,0.17,8
20260630,1,桐生,48,4740,齋藤 達希,6,5,6.65,0.19,8
20260630,1,桐生,11,4131,原 豊土,1,3,6.86,0.12,9
20260630,1,桐生,28,5133,堀越 雄貴,4,1,6.74,0.14,9
20260630,1,桐生,50,4259,真庭 明志,2,5,6.68,0.2,9
20260630,1,桐生,65,4475,末永 祐輝,5,4,6.77,0.12,9
20260630,1,桐生,15,4695,尾崎 雄二,6,6,6.79,0.08,9
20260630,1,桐生,40,3517,高橋 勲,3,2,6.81,0.13,9
20260630,1,桐生,60,4468,大池 佑来,1,1,6.64,0.2,10
20260630,1,桐生,49,5212,西川 拓利,2,4,6.76,0.16,10
20260630,1,桐生,32,3532,柴田 光,3,3,6.77,0.27,10
20260630,1,桐生,52,4596,葛原 大陽,4,2,6.63,0.13,10
20260630,1,桐生,20,3997,北村 征嗣,5,5,6.78,0.12,10
20260630,1,桐生,34,4357,田中 和也,6,6,6.6,0.18,10
20260630,1,桐生,70,4188,久田 敏之,1,1,6.75,0.13,11
20260630,1,桐生,69,3909,佐々木 康幸,2,5,6.75,0.14,11
20260630,1,桐生,62,5289,佃 來紀,3,2,6.78,0.09,11
20260630,1,桐生,71,4688,永井 彪也,4,6,6.8,0.15,11
20260630,1,桐生,17,4403,木下 大將,5,3,6.78,0.16,11
20260630,1,桐生,45,4152,深水 慎一郎,6,4,6.95,0.24,11
20260630,1,桐生,14,4308,河村 了,1,3,6.71,0.19,12
20260630,1,桐生,74,4736,高倉 和士,2,4,6.71,0.22,12
20260630,1,桐生,36,4839,四宮 与寛,3,1,6.74,0.17,12
20260630,1,桐生,24,5239,上野 俊樹,4,6,6.69,0.2,12
20260630,1,桐生,33,4960,黒野 元基,5,5,6.79,0.16,12
20260630,1,桐生,38,5145,島川 海輝,6,2,6.61,0.21,12
20260630,2,戸田,22,3430,角浜 修,1,2,6.7,0.13,1
20260630,2,戸田,33,3589,西村 勝,2,6,6.82,0.18,1
20260630,2,戸田,24,3463,乙津 康志,3,1,6.72,0.11,1
20260630,2,戸田,41,3659,藤生 雄人,4,3,6.9,0.11,1
20260630,2,戸田,32,3620,信濃 由行,5,4,6.81,0.13,1
20260630,2,戸田,47,3922,菅沼 佳昭,6,5,6.73,0.12,1
20260630,2,戸田,16,3912,川原 正明,1,1,6.73,0.17,2
20260630,2,戸田,23,4944,田代 達也,2,2,6.7,0.2,2
20260630,2,戸田,50,4883,岡部 大輝,3,3,6.81,0.15,2
20260630,2,戸田,19,4112,大久保 信一郎,4,4,6.78,0.15,2
20260630,2,戸田,7,4072,森永 淳,5,5,6.77,0.18,2
20260630,2,戸田,64,5455,澁澤 周羽,6,6,6.76,0.13,2
20260630,2,戸田,38,4404,岸蔭 亮,1,4,6.73,0.1,3
20260630,2,戸田,53,5242,高山 弘斗,2,5,6.92,0.16,3
20260630,2,戸田,31,3327,野長瀬 正孝,3,2,6.83,0.11,3
20260630,2,戸田,11,3687,花田 和明,4,3,6.9,0.09,3
20260630,2,戸田,54,5042,畑田 汰一,5,1,6.92,0.11,3
20260630,2,戸田,52,5424,熊倉 幹太,6,6,6.83,0.17,3
20260630,2,戸田,39,3987,後藤 正宗,1,1,6.81,0.07,4
20260630,2,戸田,63,4553,坪口 竜也,2,2,6.79,0.08,4
20260630,2,戸田,13,4081,樋口 範政,3,5,6.78,0.04,4
20260630,2,戸田,17,5226,藤田 俊祐,4,3,6.71,0.1,4
20260630,2,戸田,51,5187,小坂 風太,5,4,6.81,0.1,4
20260630,2,戸田,5,5449,堀井 涼平,6,6,6.7,0.24,4
20260630,2,戸田,46,3516,吉原 聖人,1,2,6.78,0.17,5
20260630,2,戸田,40,3878,胡本 悟志,2,1,6.77,0.21,5
20260630,2,戸田,15,3719,辻 栄蔵,3,4,6.84,0.16,5
20260630,2,戸田,33,3589,西村 勝,4,6,6.93,0.16,5
20260630,2,戸田,58,3484,芝田 浩治,5,5,6.85,0.17,5
20260630,2,戸田,37,5035,櫻井 優,6,3,6.78,0.19,5
20260630,2,戸田,62,3681,山谷 央,1,2,6.88,0.21,6
20260630,2,戸田,6,3797,岩井 繁,3,5,6.87,0.18,6
20260630,2,戸田,32,3620,信濃 由行,4,6,6.91,0.12,6
20260630,2,戸田,55,5238,笹木 香吾,5,1,6.82,0.03,6
20260630,2,戸田,23,4944,田代 達也,6,3,6.78,0.1,6
20260630,2,戸田,30,3257,田頭 実,2,4,6.78,0.16,6
20260630,2,戸田,43,4049,荒川 健太,1,1,6.83,0.2,7
20260630,2,戸田,12,3627,井上 恵一,2,5,6.73,0.18,7
20260630,2,戸田,22,3430,角浜 修,3,2,6.72,0.25,7
20260630,2,戸田,52,5424,熊倉 幹太,6,6,6.77,0.31,7
20260630,2,戸田,50,4883,岡部 大輝,4,3,6.82,0.19,7
20260630,2,戸田,10,5341,山道 諄也,5,4,6.86,0.3,7
20260630,2,戸田,21,5351,齊藤 廉,1,2,6.75,0.18,8
20260630,2,戸田,51,5187,小坂 風太,3,4,6.81,0.21,8
20260630,2,戸田,25,4966,田川 大貴,4,1,6.8,0.09,8
20260630,2,戸田,3,3473,石川 真二,2,6,6.97,0.26,8
20260630,2,戸田,5,5449,堀井 涼平,6,5,6.81,0.14,8
20260630,2,戸田,53,5242,高山 弘斗,5,3,6.86,0.28,8
20260630,2,戸田,58,3484,芝田 浩治,1,1,6.77,0.25,9
20260630,2,戸田,36,4471,新田 泰章,2,2,6.76,0.19,9
20260630,2,戸田,47,3922,菅沼 佳昭,3,5,6.77,0.2,9
20260630,2,戸田,42,3656,伯母 芳恒,4,4,6.81,0.15,9
20260630,2,戸田,8,3482,金子 猛志,5,6,6.85,0.11,9
20260630,2,戸田,13,4081,樋口 範政,6,3,6.8,0.19,9
20260630,2,戸田,17,5226,藤田 俊祐,1,5,6.67,0.19,10
20260630,2,戸田,24,3463,乙津 康志,2,2,6.75,0.15,10
20260630,2,戸田,16,3912,川原 正明,3,1,6.8,0.1,10
20260630,2,戸田,61,3268,森 竜也,4,4,6.85,0.22,10
20260630,2,戸田,64,5455,澁澤 周羽,6,6,6.78,0.33,10
20260630,2,戸田,59,4174,赤坂 俊輔,5,3,6.83,0.27,10
20260630,2,戸田,37,5035,櫻井 優,1,1,6.67,0.08,11
20260630,2,戸田,54,5042,畑田 汰一,2,6,6.66,0.11,11
20260630,2,戸田,55,5238,笹木 香吾,3,2,6.74,0.1,11
20260630,2,戸田,31,3327,野長瀬 正孝,4,4,6.73,0.18,11
20260630,2,戸田,12,3627,井上 恵一,5,3,6.74,0.17,11
20260630,2,戸田,62,3681,山谷 央,6,5,6.79,0.16,11
20260630,2,戸田,30,3257,田頭 実,1,1,6.69,0.19,12
20260630,2,戸田,7,4072,森永 淳,3,2,6.77,0.21,12
20260630,2,戸田,3,3473,石川 真二,2,3,6.94,0.21,12
20260630,2,戸田,15,3719,辻 栄蔵,4,4,6.87,0.23,12
20260630,2,戸田,63,4553,坪口 竜也,5,5,6.77,0.25,12
20260630,2,戸田,43,4049,荒川 健太,6,6,6.94,0.34,12
20260630,5,多摩川,24,2878,富山 弘幸,1,1,6.75,0.16,1
20260630,5,多摩川,67,5077,滝沢 崚,2,6,6.71,0.19,1
20260630,5,多摩川,71,4570,前田 聖文,3,3,6.73,0.18,1
20260630,5,多摩川,41,3889,須藤 隆雄,4,4,6.84,0.07,1
20260630,5,多摩川,43,4675,井手 良太,5,2,6.75,0.05,1
20260630,5,多摩川,11,5137,川原 涼,6,5,6.76,0.06,1
20260630,5,多摩川,28,4432,黄金井 力良,1,1,6.71,0.17,2
20260630,5,多摩川,39,3800,牧 宏次,2,6,6.81,0.14,2
20260630,5,多摩川,23,3392,小森 信雄,3,5,6.73,0.15,2
20260630,5,多摩川,48,5127,沼田 大都,4,2,6.75,0.13,2
20260630,5,多摩川,46,3931,黒崎 竜也,5,4,6.67,0.13,2
20260630,5,多摩川,33,4575,戸塚 邦好,6,3,6.73,0.18,2
20260630,5,多摩川,36,3796,長野 道臣,1,1,6.72,0.14,3
20260630,5,多摩川,62,3319,山崎 義明,2,3,6.76,0.12,3
20260630,5,多摩川,29,3503,堂原 洋史,3,4,6.86,0.11,3
20260630,5,多摩川,21,4218,吉川 喜継,4,2,6.77,0.11,3
20260630,5,多摩川,19,5371,早川 颯太,6,5,6.74,0.02,3
20260630,5,多摩川,73,3563,堤 昇,5,6,6.8,0.07,3
20260630,5,多摩川,16,3647,伊藤 雄二,1,4,6.75,0.16,4
20260630,5,多摩川,14,4134,杉山 貴博,2,2,6.63,0.17,4
20260630,5,多摩川,60,4578,藤山 雅弘,3,5,6.75,0.16,4
20260630,5,多摩川,51,4431,石塚 裕介,4,1,6.68,0.13,4
20260630,5,多摩川,50,5427,港 理樹,5,6,6.71,0.18,4
20260630,5,多摩川,40,3699,富永 正人,6,3,6.73,0.19,4
20260630,5,多摩川,27,5020,宮村 勇哉,1,1,6.77,0.19,5
20260630,5,多摩川,55,5036,福田 翔吾,2,3,6.73,0.14,5
20260630,5,多摩川,56,5220,青木 蓮,3,2,6.8,0.19,5
20260630,5,多摩川,24,2878,富山 弘幸,4,6,6.84,0.22,5
20260630,5,多摩川,45,4496,内堀 学,5,4,6.75,0.17,5
20260630,5,多摩川,64,4785,木幡 純也,6,5,6.84,0.27,5
20260630,5,多摩川,58,4435,服部 達哉,1,1,6.74,0.02,6
20260630,5,多摩川,72,3294,野中 義生,2,6,6.77,0.09,6
20260630,5,多摩川,32,3590,濱野谷 憲吾,3,2,6.71,0.05,6
20260630,5,多摩川,23,3392,小森 信雄,4,4,6.73,0.08,6
20260630,5,多摩川,67,5077,滝沢 崚,5,5,6.75,0.02,6
20260630,5,多摩川,20,4229,市川 美宏,6,3,6.73,0.09,6
20260630,5,多摩川,48,5127,沼田 大都,1,3,6.8,0.26,7
20260630,5,多摩川,22,3915,繁野谷 圭介,2,2,6.84,0.28,7
20260630,5,多摩川,59,5175,島崎 丈一朗,3,4,6.88,0.24,7
20260630,5,多摩川,12,5087,佐藤 航,4,6,6.78,0.14,7
20260630,5,多摩川,31,4442,松竹 大輔,5,1,6.71,0.14,7
20260630,5,多摩川,19,5371,早川 颯太,6,5,6.77,0.15,7
20260630,5,多摩川,14,4134,杉山 貴博,1,1,6.69,0.15,8
20260630,5,多摩川,36,3796,長野 道臣,2,2,6.76,0.14,8
20260630,5,多摩川,33,4575,戸塚 邦好,3,3,6.75,0.11,8
20260630,5,多摩川,16,3647,伊藤 雄二,4,4,6.9,0.11,8
20260630,5,多摩川,35,5130,上野 拓馬,5,6,6.78,0.1,8
20260630,5,多摩川,41,3889,須藤 隆雄,6,5,6.82,0.09,8
20260630,5,多摩川,42,3968,茶谷 信次,1,1,6.73,0.13,9
20260630,5,多摩川,74,4369,丹下 将,2,5,6.81,0.08,9
20260630,5,多摩川,55,5036,福田 翔吾,3,2,6.75,0.06,9
20260630,5,多摩川,45,4496,内堀 学,4,4,6.72,0.1,9
20260630,5,多摩川,28,4432,黄金井 力良,5,6,6.72,0.11,9
20260630,5,多摩川,43,4675,井手 良太,6,3,6.75,0.1,9
20260630,5,多摩川,65,4381,田路 朋史,1,1,6.67,0.15,10
20260630,5,多摩川,56,5220,青木 蓮,2,2,6.82,0.22,10
20260630,5,多摩川,54,5252,荒木 颯斗,3,4,6.76,0.17,10
20260630,5,多摩川,73,3563,堤 昇,4,3,6.9,0.18,10
20260630,5,多摩川,72,3294,野中 義生,5,6,6.8,0.15,10
20260630,5,多摩川,39,3800,牧 宏次,6,5,6.8,0.17,10
20260630,5,多摩川,71,4570,前田 聖文,1,6,6.73,0.13,11
20260630,5,多摩川,38,4654,篠田 優也,2,4,6.79,0.16,11
20260630,5,多摩川,31,4442,松竹 大輔,3,1,6.71,0.09,11
20260630,5,多摩川,60,4578,藤山 雅弘,4,2,6.78,0.13,11
20260630,5,多摩川,62,3319,山崎 義明,5,3,6.77,0.07,11
20260630,5,多摩川,46,3931,黒崎 竜也,6,5,6.7,0.07,11
20260630,5,多摩川,21,4218,吉川 喜継,1,1,6.72,0.22,12
20260630,5,多摩川,32,3590,濱野谷 憲吾,2,2,6.74,0.22,12
20260630,5,多摩川,57,4233,亀山 雅幸,3,3,6.76,0.21,12
20260630,5,多摩川,64,4785,木幡 純也,4,6,6.83,0.3,12
20260630,5,多摩川,22,3915,繁野谷 圭介,5,4,6.87,0.28,12
20260630,5,多摩川,51,4431,石塚 裕介,6,5,6.8,0.32,12
20260630,6,浜名湖,34,4625,渡邊 裕貴,1,1,6.67,0.18,1
20260630,6,浜名湖,25,3442,宮武 英司,2,6,6.73,0.17,1
20260630,6,浜名湖,39,3637,齋藤 和政,3,4,6.78,0.19,1
20260630,6,浜名湖,50,4954,内山 峻輔,4,5,6.76,0.21,1
20260630,6,浜名湖,17,4866,橋本 英一,5,2,6.64,0.14,1
20260630,6,浜名湖,55,4137,君島 秀三,6,3,6.66,0.1,1
20260630,6,浜名湖,65,5339,石井 伸長,4,6,6.69,0.33,2
20260630,6,浜名湖,20,5041,荒牧 凪沙,1,3,6.66,0.26,2
20260630,6,浜名湖,41,3458,東 健介,3,4,6.67,0.28,2
20260630,6,浜名湖,51,4743,木村 仁紀,5,2,6.66,0.14,2
20260630,6,浜名湖,61,4663,籾山 佳岳,6,1,6.66,0.16,2
20260630,6,浜名湖,10,4567,上村 慎太郎,2,5,6.69,0.32,2
20260630,6,浜名湖,31,5034,若林 義人,1,1,6.69,0.1,3
20260630,6,浜名湖,57,5082,一色 凌雅,2,2,6.75,0.17,3
20260630,6,浜名湖,32,3662,大庭 元明,3,3,6.71,0.15,3
20260630,6,浜名湖,12,5047,國分 将太郎,4,4,6.69,0.16,3
20260630,6,浜名湖,40,4035,杉江 浩明,5,6,6.76,0.26,3
20260630,6,浜名湖,21,3643,米田 隆弘,6,5,6.73,0.16,3
20260630,6,浜名湖,28,3790,佐口 達也,1,2,6.78,0.14,4
20260630,6,浜名湖,11,5068,前田 滉,2,1,6.66,0.17,4
20260630,6,浜名湖,44,4440,萩原 知哉,3,6,6.71,0.13,4
20260630,6,浜名湖,1,4423,坂口 貴彦,4,3,6.69,0.08,4
20260630,6,浜名湖,22,3990,芹澤 克彦,6,4,6.66,0.17,4
20260630,6,浜名湖,49,4811,向井田 佑紀,5,5,6.64,0.13,4
20260630,6,浜名湖,48,5063,大塚 雅治,1,1,6.69,0.14,5
20260630,6,浜名湖,64,4251,川崎 誠志,2,3,6.73,0.16,5
20260630,6,浜名湖,26,4512,高野 哲史,3,4,6.67,0.13,5
20260630,6,浜名湖,29,3454,井川 大作,4,5,6.77,0.12,5
20260630,6,浜名湖,5,4257,古川 健,5,2,6.68,0.09,5
20260630,6,浜名湖,36,5349,宮崎 奏磨,6,6,6.76,0.1,5
20260630,6,浜名湖,13,4638,小林 遼太,1,1,6.66,0.27,6
20260630,6,浜名湖,2,3776,横井 健太,2,3,6.74,0.31,6
20260630,6,浜名湖,6,4945,上村 宏太,5,6,6.66,0.35,6
20260630,6,浜名湖,39,3637,齋藤 和政,6,4,6.78,0.39,6
20260630,6,浜名湖,38,4295,小坂 尚哉,3,2,6.7,0.38,6
20260630,6,浜名湖,23,4872,山下 流心,4,5,6.78,0.41,6
20260630,6,浜名湖,47,4558,宮野 仁,1,2,6.68,0.11,7
20260630,6,浜名湖,40,4035,杉江 浩明,2,3,6.74,0.12,7
20260630,6,浜名湖,9,4297,山田 哲也,3,1,6.72,0.11,7
20260630,6,浜名湖,34,4625,渡邊 裕貴,4,4,6.69,0.2,7
20260630,6,浜名湖,52,4113,木村 浩士,5,5,6.69,0.22,7
20260630,6,浜名湖,30,4100,松田 隆司,6,6,6.73,0.29,7
20260630,6,浜名湖,3,3967,鈴木 茂高,1,4,6.73,0.13,8
20260630,6,浜名湖,41,3458,東 健介,2,6,6.67,0.14,8
20260630,6,浜名湖,43,4393,田中 孝明,3,5,6.71,0.23,8
20260630,6,浜名湖,46,4787,椎名 豊,4,1,6.61,0.1,8
20260630,6,浜名湖,62,3718,伊達 正利,5,2,6.71,0.12,8
20260630,6,浜名湖,25,3442,宮武 英司,6,3,6.73,0.16,8
20260630,6,浜名湖,14,3708,岡部 貴司,1,3,6.67,0.19,9
20260630,6,浜名湖,55,4137,君島 秀三,2,2,6.69,0.19,9
20260630,6,浜名湖,8,4626,伊藤 紘章,4,4,6.73,0.36,9
20260630,6,浜名湖,64,4251,川崎 誠志,5,5,6.68,0.36,9
20260630,6,浜名湖,20,5041,荒牧 凪沙,3,1,6.69,0.23,9
20260630,6,浜名湖,12,5047,國分 将太郎,6,6,6.69,0.34,9
20260630,6,浜名湖,4,4727,安部 慎一,1,2,6.66,0.13,10
20260630,6,浜名湖,56,3539,金子 順一,2,3,6.69,0.11,10
20260630,6,浜名湖,17,4866,橋本 英一,3,1,6.71,0.11,10
20260630,6,浜名湖,21,3643,米田 隆弘,4,5,6.76,0.09,10
20260630,6,浜名湖,44,4440,萩原 知哉,5,4,6.73,0.07,10
20260630,6,浜名湖,51,4743,木村 仁紀,6,8,6.71,0.06,10
20260630,6,浜名湖,19,4880,澤崎 雄哉,1,1,6.7,0.03,11
20260630,6,浜名湖,52,4113,木村 浩士,2,3,6.68,0.15,11
20260630,6,浜名湖,61,4663,籾山 佳岳,3,6,6.7,0.09,11
20260630,6,浜名湖,49,4811,向井田 佑紀,4,5,6.72,0.16,11
20260630,6,浜名湖,26,4512,高野 哲史,5,2,6.73,0.17,11
20260630,6,浜名湖,6,4945,上村 宏太,6,4,6.67,0.16,11
20260630,6,浜名湖,46,4787,椎名 豊,1,1,6.63,0.12,12
20260630,6,浜名湖,23,4872,山下 流心,2,5,6.79,0.07,12
20260630,6,浜名湖,22,3990,芹澤 克彦,3,3,6.69,0.05,12
20260630,6,浜名湖,30,4100,松田 隆司,4,4,6.73,0.13,12
20260630,6,浜名湖,57,5082,一色 凌雅,5,2,6.76,0.18,12
20260630,6,浜名湖,29,3454,井川 大作,6,6,6.78,0.23,12
20260630,8,常滑,11,4215,吉島 祥之,1,1,6.75,0.11,1
20260630,8,常滑,35,5303,土井 歩夢,2,2,6.69,0.11,1
20260630,8,常滑,29,4419,原 加央理,3,3,6.74,0.11,1
20260630,8,常滑,41,4405,南野 利騰,4,4,6.77,0.09,1
20260630,8,常滑,21,3224,栗山 繁洋,5,5,6.76,0.18,1
20260630,8,常滑,25,3680,森林 太,6,6,6.77,0.19,1
20260630,8,常滑,32,3869,井芹 大志,1,2,6.82,0.17,2
20260630,8,常滑,57,4122,安東 幸治,2,3,6.73,0.19,2
20260630,8,常滑,42,4034,西原 明生,3,4,6.73,0.12,2
20260630,8,常滑,43,5322,根岸 真優,5,6,6.8,0.16,2
20260630,8,常滑,39,4732,堀本 和也,4,1,6.72,0.12,2
20260630,8,常滑,19,5345,牧村 俊輝,6,5,6.75,0.13,2
20260630,8,常滑,12,4837,酒井 陽祐,1,2,6.74,0.2,3
20260630,8,常滑,53,3156,金子 良昭,2,6,6.74,0.24,3
20260630,8,常滑,45,4102,益田 啓司,3,3,6.76,0.17,3
20260630,8,常滑,58,5229,吉川 晴人,4,1,6.73,0.19,3
20260630,8,常滑,36,5340,樋江井 舞,5,5,6.78,0.17,3
20260630,8,常滑,24,5377,鳥居塚 嶺王,6,4,6.74,0.14,3
20260630,8,常滑,52,5291,三嶌 こころ,1,4,6.74,0.2,4
20260630,8,常滑,59,5026,安河内 健,2,3,6.71,0.16,4
20260630,8,常滑,16,3701,大西 隆洋,3,5,6.81,0.17,4
20260630,8,常滑,4,4163,山崎 裕司,4,1,6.72,0.18,4
20260630,8,常滑,38,5436,市川 瑚幸,6,6,6.72,0.14,4
20260630,8,常滑,14,3959,坪井 康晴,5,2,6.66,0.1,4
20260630,8,常滑,6,4498,宮本 夏樹,1,2,6.69,0.1,5
20260630,8,常滑,40,4546,浜田 亜理沙,2,1,6.71,0.12,5
20260630,8,常滑,10,4731,間野 兼礼,3,3,6.75,0.12,5
20260630,8,常滑,49,3965,北中 元樹,4,6,6.79,0.25,5
20260630,8,常滑,13,4156,浜野 孝志,5,4,6.78,0.24,5
20260630,8,常滑,55,5022,伊藤 尚汰,6,5,6.77,0.22,5
20260630,8,常滑,57,4122,安東 幸治,1,1,6.74,0.16,6
20260630,8,常滑,15,4693,松下 誉士,2,3,6.78,0.19,6
20260630,8,常滑,25,3680,森林 太,3,6,6.79,0.13,6
20260630,8,常滑,37,5294,豊田 祥生,4,5,6.73,0.08,6
20260630,8,常滑,60,4391,松田 祐季,5,2,6.72,0.13,6
20260630,8,常滑,20,4752,西尾 亮輔,6,4,6.76,0.15,6
20260630,8,常滑,41,4405,南野 利騰,1,2,6.76,0.2,7
20260630,8,常滑,26,3908,重成 一人,2,1,6.8,0.11,7
20260630,8,常滑,24,5377,鳥居塚 嶺王,3,3,6.74,0.11,7
20260630,8,常滑,30,5055,眞鳥 章太,4,4,6.76,0.15,7
20260630,8,常滑,47,5380,野田 亜湖,5,6,6.73,0.22,7
20260630,8,常滑,42,4034,西原 明生,6,5,6.73,0.18,7
20260630,8,常滑,31,4876,梅木 敬太,2,3,6.71,0.15,8
20260630,8,常滑,39,4732,堀本 和也,1,1,6.72,0.07,8
20260630,8,常滑,9,5172,田村 慶,3,5,6.75,0.22,8
20260630,8,常滑,53,3156,金子 良昭,4,6,6.78,0.2,8
20260630,8,常滑,17,4261,岡 祐臣,5,2,6.73,0.16,8
20260630,8,常滑,21,3224,栗山 繁洋,6,4,6.82,0.18,8
20260630,8,常滑,36,5340,樋江井 舞,1,2,6.73,0.08,9
20260630,8,常滑,43,5322,根岸 真優,2,6,6.79,0.14,9
20260630,8,常滑,40,4546,浜田 亜理沙,3,1,6.79,0.07,9
20260630,8,常滑,51,4819,蜂須 瑞生,4,4,6.82,0.1,9
20260630,8,常滑,28,3175,渡辺 千草,5,3,6.76,0.11,9
20260630,8,常滑,38,5436,市川 瑚幸,6,5,6.76,0.12,9
20260630,8,常滑,60,4391,松田 祐季,1,1,6.7,0.13,10
20260630,8,常滑,7,4487,三原 司,2,6,6.7,0.13,10
20260630,8,常滑,4,4163,山崎 裕司,3,2,6.74,0.12,10
20260630,8,常滑,13,4156,浜野 孝志,4,5,6.79,0.22,10
20260630,8,常滑,35,5303,土井 歩夢,5,3,6.71,0.13,10
20260630,8,常滑,50,3873,別府 昌樹,6,4,6.78,0.2,10
20260630,8,常滑,45,4102,益田 啓司,1,4,6.73,0.26,11
20260630,8,常滑,3,5216,長谷川 晴哉,2,3,6.72,0.24,11
20260630,8,常滑,6,4498,宮本 夏樹,3,6,6.74,0.25,11
20260630,8,常滑,14,3959,坪井 康晴,4,2,6.63,0.2,11
20260630,8,常滑,30,5055,眞鳥 章太,6,5,6.72,0.22,11
20260630,8,常滑,29,4419,原 加央理,5,1,6.71,0.19,11
20260630,8,常滑,26,3908,重成 一人,1,1,6.75,0.15,12
20260630,8,常滑,32,3869,井芹 大志,2,6,6.82,0.2,12
20260630,8,常滑,17,4261,岡 祐臣,3,4,6.81,0.16,12
20260630,8,常滑,12,4837,酒井 陽祐,4,2,6.77,0.07,12
20260630,8,常滑,49,3965,北中 元樹,5,5,6.84,0.06,12
20260630,8,常滑,59,5026,安河内 健,6,3,6.71,0.08,12
20260630,10,三国,21,4469,土山 卓也,1,4,6.79,0.18,1
20260630,10,三国,49,3893,汐崎 正則,2,2,6.77,0.19,1
20260630,10,三国,43,4195,前川 守嗣,3,1,6.78,0.15,1
20260630,10,三国,66,4429,豊田 泰洋,4,3,6.83,0.22,1
20260630,10,三国,53,4186,小川 時光,5,5,6.73,0.24,1
20260630,10,三国,68,5463,出口 飛龍,6,6,6.78,0.3,1
20260630,10,三国,20,5050,木下 雄介,1,3,6.77,0.12,2
20260630,10,三国,58,4710,福田 宗平,2,5,6.85,0.07,2
20260630,10,三国,32,5199,垂水 悠,3,4,6.74,0.07,2
20260630,10,三国,42,4449,中嶋 達也,4,1,6.7,0.03,2
20260630,10,三国,33,5100,栗原 一馬,5,2,6.8,0.1,2
20260630,10,三国,16,5459,田中 きら,6,6,6.83,0.13,2
20260630,10,三国,64,3562,山下 和彦,1,1,6.77,0.05,3
20260630,10,三国,26,4325,新出 浩司,2,4,6.81,0.05,3
20260630,10,三国,22,5051,松本 純平,3,2,6.74,0.06,3
20260630,10,三国,57,3814,金子 貴志,4,3,6.8,0.15,3
20260630,10,三国,61,4339,平瀬 城啓,5,5,6.8,0.21,3
20260630,10,三国,44,4458,抹香 雄三,6,6,6.82,0.17,3
20260630,10,三国,24,5231,寺田 空詩,1,1,6.77,0.14,4
20260630,10,三国,70,4738,清埜 翔子,2,3,6.76,0.14,4
20260630,10,三国,18,5165,小林 愛実,3,6,6.76,0.17,4
20260630,10,三国,45,5057,上田 紗奈,4,2,6.69,0.13,4
20260630,10,三国,62,4536,喜井 つかさ,5,5,6.77,0.17,4
20260630,10,三国,47,3579,中里 優子,6,4,6.78,0.17,4
20260630,10,三国,63,5263,花田 凱成,1,4,6.75,0.27,5
20260630,10,三国,29,4177,萬 正嗣,2,6,6.95,0.28,5
20260630,10,三国,54,4565,西村 豪洋,3,3,6.79,0.15,5
20260630,10,三国,13,4319,三宅 潤,4,1,6.86,0.09,5
20260630,10,三国,11,4703,森永 隆,5,5,6.82,0.13,5
20260630,10,三国,35,5043,中村 日向,6,2,6.73,0.06,5
20260630,10,三国,53,4186,小川 時光,1,1,6.82,0.09,6
20260630,10,三国,40,3569,増田 進,2,2,6.8,0.09,6
20260630,10,三国,31,4248,岡本 大,3,5,6.88,0.08,6
20260630,10,三国,27,4798,浜先 真範,4,4,6.81,0.04,6
20260630,10,三国,46,4366,前沢 丈史,5,3,6.86,0.04,6
20260630,10,三国,69,3939,渡辺 真至,6,6,6.81,0.11,6
20260630,10,三国,44,4458,抹香 雄三,1,1,6.84,0.08,7
20260630,10,三国,33,5100,栗原 一馬,2,4,6.88,0.11,7
20260630,10,三国,41,4969,町田 洸希,3,5,6.85,0.14,7
20260630,10,三国,67,4448,青木 玄太,4,3,6.8,0.14,7
20260630,10,三国,14,4583,古田 祐貴,5,2,6.83,0.17,7
20260630,10,三国,68,5463,出口 飛龍,6,6,6.86,0.24,7
20260630,10,三国,61,4339,平瀬 城啓,1,1,6.85,0.14,8
20260630,10,三国,48,3955,眞田 英二,2,2,6.86,0.15,8
20260630,10,三国,66,4429,豊田 泰洋,3,4,6.89,0.15,8
20260630,10,三国,51,5333,山下 智己,4,3,6.75,0.22,8
20260630,10,三国,34,5274,城間 盛渚,5,5,6.96,0.21,8
20260630,10,三国,45,5057,上田 紗奈,6,6,6.7,0.2,8
20260630,10,三国,47,3579,中里 優子,1,2,6.82,0.13,9
20260630,10,三国,11,4703,森永 隆,2,4,6.82,0.15,9
20260630,10,三国,21,4469,土山 卓也,3,1,6.87,0.13,9
20260630,10,三国,25,4601,森野 正弘,4,3,6.77,0.09,9
20260630,10,三国,26,4325,新出 浩司,5,5,6.87,0.17,9
20260630,10,三国,59,5447,岡本 亜子,6,6,6.88,0.2,9
20260630,10,三国,69,3939,渡辺 真至,1,1,6.74,0.18,10
20260630,10,三国,42,4449,中嶋 達也,2,5,6.77,0.16,10
20260630,10,三国,27,4798,浜先 真範,3,2,6.83,0.11,10
20260630,10,三国,43,4195,前川 守嗣,4,3,6.88,0.22,10
20260630,10,三国,70,4738,清埜 翔子,5,4,6.81,0.11,10
20260630,10,三国,58,4710,福田 宗平,6,6,6.86,0.12,10
20260630,10,三国,14,4583,古田 祐貴,1,1,6.86,0.12,11
20260630,10,三国,46,4366,前沢 丈史,2,2,6.91,0.16,11
20260630,10,三国,13,4319,三宅 潤,3,3,6.9,0.23,11
20260630,10,三国,32,5199,垂水 悠,4,4,6.82,0.11,11
20260630,10,三国,63,5263,花田 凱成,5,6,6.8,0.17,11
20260630,10,三国,64,3562,山下 和彦,6,5,6.82,0.15,11
20260630,10,三国,35,5043,中村 日向,1,2,6.75,0.1,12
20260630,10,三国,57,3814,金子 貴志,2,5,6.87,0.16,12
20260630,10,三国,67,4448,青木 玄太,3,1,6.84,0.12,12
20260630,10,三国,24,5231,寺田 空詩,4,6,6.84,0.11,12
20260630,10,三国,49,3893,汐崎 正則,5,4,6.95,0.11,12
20260630,10,三国,20,5050,木下 雄介,6,3,6.88,0.13,12
20260630,11,びわこ,70,4182,吉田 和仁,1,1,6.76,0.06,1
20260630,11,びわこ,63,3664,鈴木 賢一,2,2,6.77,0.14,1
20260630,11,びわこ,56,5369,岡崎 凪汰,3,6,6.7,0.12,1
20260630,11,びわこ,60,4103,山崎 善庸,4,3,6.95,0.15,1
20260630,11,びわこ,23,3305,小野 信樹,5,4,6.83,0.11,1
20260630,11,びわこ,25,4672,守屋 大地,6,5,6.79,0.16,1
20260630,11,びわこ,20,3653,品川 賢次,1,3,6.83,0.17,2
20260630,11,びわこ,44,5131,江藤 敦宏,2,5,6.8,0.2,2
20260630,11,びわこ,15,5006,久保原 秀人,3,6,6.82,0.22,2
20260630,11,びわこ,41,3333,丸尾 義孝,4,1,6.87,0.16,2
20260630,11,びわこ,62,3507,藤井 徹,5,4,6.88,0.18,2
20260630,11,びわこ,53,5126,山下 大輝,6,2,6.84,0.22,2
20260630,11,びわこ,31,3582,吉川 昭男,1,1,6.77,0.14,3
20260630,11,びわこ,14,4379,桑島 和宏,2,2,6.75,0.12,3
20260630,11,びわこ,33,4864,小川 日紀太,3,3,6.83,0.13,3
20260630,11,びわこ,36,5396,近藤 来希,6,6,6.83,0.25,3
20260630,11,びわこ,24,5031,渡辺 空依,4,4,6.79,0.13,3
20260630,11,びわこ,52,3548,室田 泰史,5,5,6.84,0.13,3
20260630,11,びわこ,54,4204,柴田 大輔,1,1,6.68,0.13,4
20260630,11,びわこ,27,4039,村上 功祐,2,2,6.83,0.12,4
20260630,11,びわこ,72,4340,土性 雅也,5,5,6.85,0.3,4
20260630,11,びわこ,39,5256,中山 翔太,3,3,6.86,0.08,4
20260630,11,びわこ,17,5185,加藤 優弥,4,4,6.79,0.14,4
20260630,11,びわこ,32,5465,直江 健成,6,6,6.9,0.34,4
20260630,11,びわこ,38,4551,三川 昂暁,1,5,6.82,0.06,5
20260630,11,びわこ,12,3654,武田 光史,2,1,6.88,0.14,5
20260630,11,びわこ,61,3988,古川 誠之,3,2,6.84,0.19,5
20260630,11,びわこ,30,4277,金田 大輔,5,4,6.78,0.11,5
20260630,11,びわこ,48,5183,中野 孝二,6,3,6.72,0.07,5
20260630,11,びわこ,47,3554,仲口 博崇,4,6,6.89,0.38,5
20260630,11,びわこ,28,5143,常盤 海心,1,6,6.78,0.22,6
20260630,11,びわこ,23,3305,小野 信樹,2,2,6.91,0.15,6
20260630,11,びわこ,40,4460,後藤 翔之,3,1,6.8,0.15,6
20260630,11,びわこ,45,4253,西川 真人,4,4,6.87,0.21,6
20260630,11,びわこ,71,4580,長谷川 雅和,5,3,6.86,0.2,6
20260630,11,びわこ,34,4522,古澤 光紀,6,5,6.82,0.24,6
20260630,11,びわこ,68,3313,本吉 正樹,1,6,6.86,0.25,7
20260630,11,びわこ,29,5018,竹下 大樹,2,1,6.78,0.15,7
20260630,11,びわこ,26,4330,奈須 啓太,3,2,6.86,0.11,7
20260630,11,びわこ,70,4182,吉田 和仁,4,4,6.8,0.15,7
20260630,11,びわこ,36,5396,近藤 来希,5,5,6.82,0.12,7
20260630,11,びわこ,11,4618,乃村 康友,6,3,6.87,0.14,7
20260630,11,びわこ,66,3564,桑原 啓,1,5,6.74,0.22,8
20260630,11,びわこ,62,3507,藤井 徹,2,4,6.94,0.16,8
20260630,11,びわこ,60,4103,山崎 善庸,4,3,6.79,0.14,8
20260630,11,びわこ,31,3582,吉川 昭男,3,1,6.85,0.11,8
20260630,11,びわこ,22,4352,下條 雄太郎,5,2,6.85,0.17,8
20260630,11,びわこ,32,5465,直江 健成,6,6,6.94,0.26,8
20260630,11,びわこ,61,3988,古川 誠之,1,1,6.82,0.11,9
20260630,11,びわこ,56,5369,岡崎 凪汰,2,5,6.81,0.16,9
20260630,11,びわこ,53,5126,山下 大輝,3,3,6.85,0.14,9
20260630,11,びわこ,43,5157,市川 健太,4,4,6.82,0.09,9
20260630,11,びわこ,72,4340,土性 雅也,6,6,6.84,0.16,9
20260630,11,びわこ,14,4379,桑島 和宏,5,2,6.83,0.1,9
20260630,11,びわこ,49,4089,妹尾 忠幸,1,1,6.83,0.07,10
20260630,11,びわこ,65,5190,大月 遊雅,2,5,6.84,0.13,10
20260630,11,びわこ,34,4522,古澤 光紀,3,3,6.89,0.1,10
20260630,11,びわこ,15,5006,久保原 秀人,4,6,6.78,0.09,10
20260630,11,びわこ,12,3654,武田 光史,5,2,6.9,0.08,10
20260630,11,びわこ,37,3686,鳥居塚 孝博,6,4,6.84,0.16,10
20260630,11,びわこ,39,5256,中山 翔太,1,4,6.85,0.11,11
20260630,11,びわこ,40,4460,後藤 翔之,2,2,6.8,0.1,11
20260630,11,びわこ,47,3554,仲口 博崇,3,1,6.88,0.11,11
20260630,11,びわこ,44,5131,江藤 敦宏,4,3,6.93,0.18,11
20260630,11,びわこ,63,3664,鈴木 賢一,5,6,6.89,0.18,11
20260630,11,びわこ,26,4330,奈須 啓太,6,5,6.88,0.12,11
20260630,11,びわこ,22,4352,下條 雄太郎,1,3,6.86,0.17,12
20260630,11,びわこ,41,3333,丸尾 義孝,2,1,6.84,0.16,12
20260630,11,びわこ,71,4580,長谷川 雅和,3,2,6.85,0.22,12
20260630,11,びわこ,29,5018,竹下 大樹,4,6,6.83,0.37,12
20260630,11,びわこ,33,4864,小川 日紀太,5,5,6.82,0.19,12
20260630,11,びわこ,27,4039,村上 功祐,6,4,6.89,0.19,12
20260630,13,尼崎,51,3072,西田 靖,1,2,6.89,0.18,1
20260630,13,尼崎,20,3661,柳瀬 興志,2,4,6.86,0.28,1
20260630,13,尼崎,62,4555,富永 大一,3,6,6.8,0.34,1
20260630,13,尼崎,14,5214,田中 宏典,4,1,6.82,0.27,1
20260630,13,尼崎,57,3976,内田 圭,5,3,6.85,0.26,1
20260630,13,尼崎,50,5460,早川 理稀,6,5,6.85,0.14,1
20260630,13,尼崎,6,3377,塚田 修二,1,1,6.74,0.23,2
20260630,13,尼崎,52,4145,小澤 学,2,3,6.83,0.28,2
20260630,13,尼崎,32,5336,瀬川 大地,3,4,6.81,0.18,2
20260630,13,尼崎,12,3543,福田 雅一,4,5,6.8,0.13,2
20260630,13,尼崎,33,5261,岡 暢祐,5,2,6.81,0.16,2
20260630,13,尼崎,15,3567,吉岡 誠,6,6,6.88,0.19,2
20260630,13,尼崎,34,5032,谷口 知優,1,1,6.8,0.22,3
20260630,13,尼崎,61,4513,河野 真也,2,2,6.8,0.22,3
20260630,13,尼崎,4,4346,前田 健太郎,3,3,6.84,0.23,3
20260630,13,尼崎,43,4076,杉田 篤光,4,5,6.84,0.19,3
20260630,13,尼崎,3,5000,岡本 翔太郎,5,4,6.75,0.14,3
20260630,13,尼崎,38,5393,藤原 駿,6,6,6.83,0.15,3
20260630,13,尼崎,54,4649,和田 操拓,1,1,6.75,0.15,4
20260630,13,尼崎,60,4332,村上 彰一,2,5,6.81,0.28,4
20260630,13,尼崎,45,3226,浦田 信義,3,3,6.8,0.2,4
20260630,13,尼崎,16,4120,柘植 政浩,4,2,6.81,0.18,4
20260630,13,尼崎,35,4725,佐竹 太一,5,6,6.79,0.2,4
20260630,13,尼崎,5,3523,寳田 亮治,6,4,6.78,0.22,4
20260630,13,尼崎,53,4817,渡邉 翼,1,5,6.8,0.22,5
20260630,13,尼崎,27,3606,川北 浩貴,3,2,6.78,0.08,5
20260630,13,尼崎,10,3804,中渡 修作,4,3,6.78,0.07,5
20260630,13,尼崎,51,3072,西田 靖,2,6,6.87,0.13,5
20260630,13,尼崎,25,4679,植田 太一,5,1,6.79,0.07,5
20260630,13,尼崎,22,4158,木場 雄二郎,6,4,6.83,0.16,5
20260630,13,尼崎,49,3995,重野 哲之,1,1,6.76,0.24,6
20260630,13,尼崎,14,5214,田中 宏典,2,2,6.79,0.32,6
20260630,13,尼崎,30,4365,盛本 真輔,3,3,6.77,0.27,6
20260630,13,尼崎,48,4260,中越 博紀,4,4,6.84,0.31,6
20260630,13,尼崎,32,5336,瀬川 大地,5,5,6.83,0.22,6
20260630,13,尼崎,42,3906,飯山 晃三,6,6,6.86,0.26,6
20260630,13,尼崎,12,3543,福田 雅一,1,1,6.8,0.15,7
20260630,13,尼崎,8,4593,小坂 宗司,2,4,6.79,0.09,7
20260630,13,尼崎,3,5000,岡本 翔太郎,3,2,6.79,0.13,7
20260630,13,尼崎,58,5400,高村 諒,6,6,6.79,0.2,7
20260630,13,尼崎,20,3661,柳瀬 興志,4,5,6.86,0.19,7
20260630,13,尼崎,13,4561,藤山 翔大,5,3,6.73,0.16,7
20260630,13,尼崎,16,4120,柘植 政浩,1,1,6.74,0.09,8
20260630,13,尼崎,57,3976,内田 圭,2,4,6.87,0.14,8
20260630,13,尼崎,23,4779,伊倉 光,3,2,6.72,0.15,8
20260630,13,尼崎,52,4145,小澤 学,4,3,7.01,0.28,8
20260630,13,尼崎,4,4346,前田 健太郎,5,6,6.81,0.3,8
20260630,13,尼崎,41,3950,石川 哲秀,6,5,6.88,0.23,8
20260630,13,尼崎,43,4076,杉田 篤光,1,4,6.83,0.29,9
20260630,13,尼崎,33,5261,岡 暢祐,2,6,6.83,0.28,9
20260630,13,尼崎,35,4725,佐竹 太一,3,5,6.79,0.29,9
20260630,13,尼崎,60,4332,村上 彰一,4,2,6.84,0.18,9
20260630,13,尼崎,10,3804,中渡 修作,5,1,6.74,0.16,9
20260630,13,尼崎,27,3606,川北 浩貴,6,3,6.78,0.22,9
20260630,13,尼崎,30,4365,盛本 真輔,1,5,6.78,0.12,10
20260630,13,尼崎,49,3995,重野 哲之,2,1,6.77,0.13,10
20260630,13,尼崎,25,4679,植田 太一,3,6,6.81,0.17,10
20260630,13,尼崎,54,4649,和田 操拓,4,2,6.77,0.15,10
20260630,13,尼崎,61,4513,河野 真也,5,3,6.78,0.11,10
20260630,13,尼崎,62,4555,富永 大一,6,4,6.77,0.1,10
20260630,13,尼崎,48,4260,中越 博紀,1,1,6.86,0.08,11
20260630,13,尼崎,53,4817,渡邉 翼,2,2,6.86,0.09,11
20260630,13,尼崎,34,5032,谷口 知優,3,3,6.82,0.11,11
20260630,13,尼崎,45,3226,浦田 信義,4,4,6.81,0.15,11
20260630,13,尼崎,8,4593,小坂 宗司,6,5,6.83,0.21,11
20260630,13,尼崎,6,3377,塚田 修二,5,6,6.85,0.16,11
20260630,13,尼崎,36,4949,横田 貴満,1,1,6.78,0.11,12
20260630,13,尼崎,18,4928,栗城 匠,2,5,6.87,0.16,12
20260630,13,尼崎,37,4535,北山 康介,3,2,6.73,0.14,12
20260630,13,尼崎,63,3641,一瀬 明,4,4,6.82,0.18,12
20260630,13,尼崎,2,4096,石橋 道友,5,6,6.79,0.17,12
20260630,13,尼崎,56,4633,森 智也,6,3,6.78,0.21,12
20260630,16,児島,38,4886,入海 馨,1,4,6.8,0.19,1
20260630,16,児島,28,4109,谷津 幸宏,2,5,6.96,0.21,1
20260630,16,児島,21,5064,品川 二千翔,3,6,6.83,0.24,1
20260630,16,児島,23,4539,金子 賢志,4,3,6.93,0.17,1
20260630,16,児島,36,4441,末永 由楽,5,2,6.93,0.12,1
20260630,16,児島,55,5142,常住 蓮,6,1,6.74,0.04,1
20260630,16,児島,61,4531,武富 智亮,1,1,6.85,0.07,2
20260630,16,児島,16,4908,上田 龍星,2,2,6.86,0.14,2
20260630,16,児島,60,4241,大串 重幸,3,6,7.0,0.11,2
20260630,16,児島,26,4850,野中 一平,4,5,6.84,0.1,2
20260630,16,児島,17,4762,藤原 啓史朗,5,3,6.88,0.08,2
20260630,16,児島,31,4933,板橋 侑我,6,4,6.93,0.06,2
20260630,16,児島,33,4052,興津 藍,1,1,6.8,0.14,3
20260630,16,児島,37,4643,近江 翔吾,2,3,6.81,0.18,3
20260630,16,児島,69,5217,藤原 碧生,3,2,6.76,0.21,3
20260630,16,児島,58,4761,山田 晃大,4,4,6.89,0.21,3
20260630,16,児島,68,4530,小野 生奈,5,6,6.87,0.17,3
20260630,16,児島,45,4659,木下 翔太,6,5,6.94,0.11,3
20260630,16,児島,14,4227,安達 裕樹,1,1,6.82,0.19,4
20260630,16,児島,44,4446,和田 兼輔,2,5,6.85,0.27,4
20260630,16,児島,53,4809,外崎 悟,3,6,6.83,0.26,4
20260630,16,児島,24,4610,佐藤 大佑,4,4,6.85,0.19,4
20260630,16,児島,57,3822,平尾 崇典,5,2,6.94,0.26,4
20260630,16,児島,62,4477,篠崎 仁志,6,3,6.85,0.23,4
20260630,16,児島,13,4963,實森 美祐,1,1,6.81,0.1,5
20260630,16,児島,25,4042,丸岡 正典,2,2,6.79,0.13,5
20260630,16,児島,34,4980,佐々木 完太,3,3,6.93,0.11,5
20260630,16,児島,40,4452,松尾 祭,4,4,6.95,0.18,5
20260630,16,児島,39,4415,下出 卓矢,5,6,6.97,0.17,5
20260630,16,児島,12,3874,山本 寛久,6,5,6.89,0.16,5
20260630,16,児島,20,3888,山本 英志,1,2,6.79,0.25,6
20260630,16,児島,41,4715,村上 遼,2,3,6.8,0.37,6
20260630,16,児島,38,4886,入海 馨,4,6,6.83,0.33,6
20260630,16,児島,42,4420,津久井 拓也,3,4,6.92,0.34,6
20260630,16,児島,52,4370,山口 達也,5,1,6.84,0.32,6
20260630,16,児島,56,4989,石原 翼,6,5,6.87,0.26,6
20260630,16,児島,49,4793,金子 萌,1,1,6.84,0.08,7
20260630,16,児島,55,5142,常住 蓮,2,2,6.69,0.17,7
20260630,16,児島,27,4148,枝尾 賢,3,4,6.84,0.12,7
20260630,16,児島,69,5217,藤原 碧生,4,5,6.81,0.11,7
20260630,16,児島,63,4704,河野 大,6,6,6.93,0.19,7
20260630,16,児島,16,4908,上田 龍星,5,3,6.86,0.1,7
20260630,16,児島,66,5096,上原 崚,1,3,6.9,0.17,8
20260630,16,児島,68,4530,小野 生奈,2,2,6.77,0.08,8
20260630,16,児島,17,4762,藤原 啓史朗,3,1,6.87,0.07,8
20260630,16,児島,22,4962,畑 竜生,4,6,6.86,0.09,8
20260630,16,児島,44,4446,和田 兼輔,5,4,6.9,0.05,8
20260630,16,児島,28,4109,谷津 幸宏,6,5,6.94,0.05,8
20260630,16,児島,34,4980,佐々木 完太,1,1,6.82,0.12,9
20260630,16,児島,45,4659,木下 翔太,2,2,6.78,0.15,9
20260630,16,児島,57,3822,平尾 崇典,3,5,6.81,0.17,9
20260630,16,児島,29,4706,三浦 洋次朗,4,4,6.87,0.15,9
20260630,16,児島,35,5092,篠原 晟弥,5,3,6.86,0.1,9
20260630,16,児島,23,4539,金子 賢志,6,6,6.91,0.11,9
20260630,16,児島,26,4850,野中 一平,1,1,6.79,0.15,10
20260630,16,児島,65,5038,金田 智博,2,5,6.87,0.17,10
20260630,16,児島,62,4477,篠崎 仁志,3,2,6.83,0.18,10
20260630,16,児島,12,3874,山本 寛久,4,6,6.84,0.15,10
20260630,16,児島,19,4925,森 悠稀,5,3,6.8,0.15,10
20260630,16,児島,41,4715,村上 遼,6,4,6.84,0.16,10
20260630,16,児島,52,4370,山口 達也,1,3,6.83,0.17,11
20260630,16,児島,54,4409,坂元 浩仁,2,2,6.92,0.16,11
20260630,16,児島,31,4933,板橋 侑我,3,4,6.8,0.15,11
20260630,16,児島,13,4963,實森 美祐,4,6,6.82,0.17,11
20260630,16,児島,37,4643,近江 翔吾,5,5,6.8,0.11,11
20260630,16,児島,64,5075,中島 秀治,6,1,6.77,0.04,11
20260630,16,児島,59,4482,守屋 美穂,1,5,6.78,0.11,12
20260630,16,児島,11,4544,松田 大志郎,2,4,6.79,0.05,12
20260630,16,児島,50,4939,宮之原 輝紀,3,3,6.92,0.03,12
20260630,16,児島,18,5058,前原 大道,4,14,6.74,-0.02,12
20260630,16,児島,67,4856,豊田 健士郎,5,1,6.75,0.11,12
20260630,16,児島,30,4959,井上 忠政,6,2,6.77,0.15,12
20260630,17,宮島,17,4790,柳内 敬太,1,1,6.72,0.11,1
20260630,17,宮島,64,4390,松本 弓雄,2,2,6.73,0.15,1
20260630,17,宮島,63,3974,深山 祐二,3,4,6.68,0.15,1
20260630,17,宮島,21,5085,中村 栄治,4,5,6.7,0.13,1
20260630,17,宮島,22,5442,池田 美優,6,6,6.74,0.24,1
20260630,17,宮島,19,4275,菅野 はやか,5,3,6.72,0.21,1
20260630,17,宮島,76,3372,加藤 雅之,1,6,6.76,0.21,2
20260630,17,宮島,53,4661,中島 昂章,2,1,6.73,0.23,2
20260630,17,宮島,54,4447,深川 麻奈美,3,2,6.72,0.17,2
20260630,17,宮島,61,3642,大塚 浩二,4,5,6.81,0.18,2
20260630,17,宮島,20,5412,久保田 凪紗,5,4,6.81,0.17,2
20260630,17,宮島,78,5152,丸山 祐也,6,3,6.76,0.19,2
20260630,17,宮島,60,4511,中岡 健人,1,2,6.77,0.18,3
20260630,17,宮島,69,4040,廣瀬 将亨,2,4,6.75,0.21,3
20260630,17,宮島,50,3948,大町 利克,3,6,6.85,0.24,3
20260630,17,宮島,25,4861,田中 宏樹,4,3,6.71,0.17,3
20260630,17,宮島,37,5462,山浦 槙,6,5,6.73,0.24,3
20260630,17,宮島,26,4343,村岡 賢,5,1,6.78,0.21,3
20260630,17,宮島,67,4359,横川 聖志,1,1,6.8,0.13,4
20260630,17,宮島,28,3652,森下 勇,2,5,6.74,0.13,4
20260630,17,宮島,57,3605,中村 守成,3,3,6.75,0.17,4
20260630,17,宮島,12,4244,鈴木 成美,4,6,6.72,0.15,4
20260630,17,宮島,74,3984,坂口 周,5,2,6.73,0.21,4
20260630,17,宮島,81,4290,稲田 浩二,6,4,6.71,0.31,4
20260630,17,宮島,38,5029,中 亮太,1,1,6.59,0.15,5
20260630,17,宮島,29,4143,浦田 晃嗣,2,6,6.67,0.15,5
20260630,17,宮島,32,5065,伊久間 陽優,3,4,6.59,0.13,5
20260630,17,宮島,14,3932,池田 浩美,4,5,6.73,0.27,5
20260630,17,宮島,30,4119,泥谷 一毅,5,3,6.65,0.19,5
20260630,17,宮島,34,4771,下寺 秀和,6,2,6.63,0.33,5
20260630,17,宮島,39,3853,岩崎 正哉,1,4,6.68,0.28,6
20260630,17,宮島,79,3286,坂東 満,2,1,6.65,0.19,6
20260630,17,宮島,33,4305,金子 拓矢,3,2,6.76,0.21,6
20260630,17,宮島,20,5412,久保田 凪紗,4,6,6.72,0.24,6
20260630,17,宮島,55,4224,大橋 栄里佳,5,3,6.69,0.3,6
20260630,17,宮島,13,4685,島村 隆幸,6,5,6.68,0.28,6
20260630,17,宮島,19,4275,菅野 はやか,1,5,6.73,0.37,7
20260630,17,宮島,58,4816,村松 修二,2,1,6.69,0.22,7
20260630,17,宮島,51,4529,嶋 義信,3,4,6.7,0.17,7
20260630,17,宮島,73,4360,庄司 孝輔,4,3,6.66,0.21,7
20260630,17,宮島,53,4661,中島 昂章,5,2,6.69,0.3,7
20260630,17,宮島,37,5462,山浦 槙,6,6,6.65,0.28,7
20260630,17,宮島,35,3635,石田 政吾,1,1,6.72,0.15,8
20260630,17,宮島,61,3642,大塚 浩二,2,5,6.74,0.19,8
20260630,17,宮島,28,3652,森下 勇,3,3,6.76,0.17,8
20260630,17,宮島,75,3977,山本 兼士,4,4,6.72,0.15,8
20260630,17,宮島,63,3974,深山 祐二,5,2,6.71,0.26,8
20260630,17,宮島,72,5452,上馬場 風依,6,6,6.69,0.25,8
20260630,17,宮島,68,5081,篠原 飛翔,1,1,6.76,0.2,9
20260630,17,宮島,14,3932,池田 浩美,2,3,6.77,0.17,9
20260630,17,宮島,26,4343,村岡 賢,3,4,6.71,0.2,9
20260630,17,宮島,65,4821,妻鳥 晋也,4,2,6.69,0.17,9
20260630,17,宮島,57,3605,中村 守成,5,5,6.8,0.21,9
20260630,17,宮島,22,5442,池田 美優,6,6,6.74,0.27,9
20260630,17,宮島,34,4771,下寺 秀和,1,1,6.7,0.17,10
20260630,17,宮島,38,5029,中 亮太,2,3,6.66,0.18,10
20260630,17,宮島,21,5085,中村 栄治,3,5,6.68,0.12,10
20260630,17,宮島,33,4305,金子 拓矢,4,2,6.73,0.18,10
20260630,17,宮島,17,4790,柳内 敬太,5,4,6.71,0.21,10
20260630,17,宮島,67,4359,横川 聖志,6,6,6.83,0.2,10
20260630,17,宮島,81,4290,稲田 浩二,1,1,6.7,0.12,11
20260630,17,宮島,74,3984,坂口 周,2,3,6.71,0.19,11
20260630,17,宮島,73,4360,庄司 孝輔,3,2,6.69,0.19,11
20260630,17,宮島,54,4447,深川 麻奈美,4,6,6.69,0.22,11
20260630,17,宮島,39,3853,岩崎 正哉,5,5,6.75,0.19,11
20260630,17,宮島,60,4511,中岡 健人,6,4,6.74,0.19,11
20260630,17,宮島,13,4685,島村 隆幸,1,1,6.72,0.13,12
20260630,17,宮島,30,4119,泥谷 一毅,2,2,6.68,0.18,12
20260630,17,宮島,25,4861,田中 宏樹,3,4,6.7,0.13,12
20260630,17,宮島,35,3635,石田 政吾,4,6,6.76,0.32,12
20260630,17,宮島,58,4816,村松 修二,5,5,6.7,0.18,12
20260630,17,宮島,69,4040,廣瀬 将亨,6,3,6.71,0.15,12
20260630,19,下関,72,4846,佐藤 駿介,1,1,6.8,0.07,1
20260630,19,下関,64,4173,岡谷 健吾,2,3,6.8,0.06,1
20260630,19,下関,31,5102,原田 雄次,3,2,6.74,0.07,1
20260630,19,下関,30,4380,鈴木 峻佑,5,4,6.72,0.09,1
20260630,19,下関,47,5179,藤本 元輝,4,6,6.76,0.09,1
20260630,19,下関,46,4395,下河 雅史,6,5,6.79,0.09,1
20260630,19,下関,44,4138,中井 俊祐,1,3,6.71,0.37,2
20260630,19,下関,61,4562,阪本 勇介,2,1,6.76,0.26,2
20260630,19,下関,60,4656,大崎 翔,3,4,6.74,0.21,2
20260630,19,下関,39,5237,永松 良教,4,6,6.79,0.26,2
20260630,19,下関,12,3860,松本 浩貴,5,5,6.8,0.25,2
20260630,19,下関,20,4051,清水 敦揮,6,2,6.81,0.23,2
20260630,19,下関,43,4054,福嶋 智之,1,1,6.75,0.15,3
20260630,19,下関,41,3297,藤丸 光一,2,2,6.73,0.2,3
20260630,19,下関,51,5315,浅井 翼,3,6,6.76,0.21,3
20260630,19,下関,35,4797,中山 将,4,3,6.81,0.16,3
20260630,19,下関,14,5262,鈴木 章司,5,5,6.82,0.22,3
20260630,19,下関,65,4296,岡崎 恭裕,6,4,6.81,0.21,3
20260630,19,下関,22,4327,加藤 翔,2,3,6.76,0.19,4
20260630,19,下関,24,4302,西野 翔太,1,1,6.73,0.16,4
20260630,19,下関,27,4587,木田 峰由季,3,6,6.77,0.29,4
20260630,19,下関,40,5308,藤森 拓海,4,5,6.78,0.12,4
20260630,19,下関,33,5311,小林 京平,5,2,6.79,0.1,4
20260630,19,下関,19,3792,田中 豪,6,4,6.75,0.12,4
20260630,19,下関,28,4033,伊藤 将吉,1,1,6.78,0.03,5
20260630,19,下関,57,4121,富永 修一,2,2,6.76,0.07,5
20260630,19,下関,52,4563,齋藤 真之,3,5,6.79,0.11,5
20260630,19,下関,68,4336,松田 竜馬,4,4,6.82,0.11,5
20260630,19,下関,17,4796,春園 功太,5,3,6.74,0.11,5
20260630,19,下関,13,4176,樋口 喜彦,6,6,6.87,0.13,5
20260630,19,下関,11,3812,山崎 聖司,1,5,6.79,0.18,6
20260630,19,下関,39,5237,永松 良教,2,6,6.81,0.15,6
20260630,19,下関,67,4926,吉川 貴仁,3,1,6.77,0.13,6
20260630,19,下関,72,4846,佐藤 駿介,4,3,6.82,0.29,6
20260630,19,下関,18,4090,中村 尊,5,2,6.76,0.16,6
20260630,19,下関,54,5049,松井 友汰,6,4,6.8,0.21,6
20260630,19,下関,30,4380,鈴木 峻佑,1,3,6.76,0.09,7
20260630,19,下関,63,5158,宮脇 遼太,3,1,6.69,0.1,7
20260630,19,下関,42,3952,中澤 和志,4,2,6.75,0.14,7
20260630,19,下関,61,4562,阪本 勇介,5,6,6.72,0.19,7
20260630,19,下関,36,5186,遠藤 圭吾,6,4,6.9,0.18,7
20260630,19,下関,41,3297,藤丸 光一,2,5,6.77,0.21,7
20260630,19,下関,58,4025,山本 隆幸,1,2,6.76,0.24,8
20260630,19,下関,12,3860,松本 浩貴,2,3,6.77,0.17,8
20260630,19,下関,69,3891,谷口 健一,3,6,6.78,0.23,8
20260630,19,下関,38,4674,池田 剛規,4,1,6.79,0.12,8
20260630,19,下関,64,4173,岡谷 健吾,5,5,6.79,0.13,8
20260630,19,下関,73,4533,峰重 侑治,6,4,6.78,0.13,8
20260630,19,下関,66,4306,畔柳 俊吾,1,1,6.76,0.26,9
20260630,19,下関,33,5311,小林 京平,2,5,6.83,0.35,9
20260630,19,下関,34,4683,向井田 直弥,3,3,6.81,0.24,9
20260630,19,下関,46,4395,下河 雅史,4,4,6.87,0.26,9
20260630,19,下関,52,4563,齋藤 真之,5,6,6.77,0.27,9
20260630,19,下関,71,3961,谷村 一哉,6,2,6.81,0.25,9
20260630,19,下関,35,4797,中山 将,1,2,6.76,0.19,10
20260630,19,下関,31,5102,原田 雄次,2,3,6.81,0.22,10
20260630,19,下関,19,3792,田中 豪,3,1,6.85,0.16,10
20260630,19,下関,54,5049,松井 友汰,4,6,6.78,0.15,10
20260630,19,下関,60,4656,大崎 翔,5,4,6.83,0.12,10
20260630,19,下関,57,4121,富永 修一,6,5,6.78,0.13,10
20260630,19,下関,18,4090,中村 尊,1,1,6.74,0.09,11
20260630,19,下関,17,4796,春園 功太,2,2,6.7,0.06,11
20260630,19,下関,47,5179,藤本 元輝,3,5,6.79,0.09,11
20260630,19,下関,24,4302,西野 翔太,4,3,6.75,0.09,11
20260630,19,下関,44,4138,中井 俊祐,5,6,6.77,0.12,11
20260630,19,下関,63,5158,宮脇 遼太,6,4,6.69,0.14,11
20260630,19,下関,42,3952,中澤 和志,1,1,6.73,0.07,12
20260630,19,下関,20,4051,清水 敦揮,2,4,6.84,0.11,12
20260630,19,下関,65,4296,岡崎 恭裕,3,3,6.81,0.08,12
20260630,19,下関,28,4033,伊藤 将吉,4,2,6.77,0.13,12
20260630,19,下関,58,4025,山本 隆幸,5,5,6.73,0.17,12
20260630,19,下関,67,4926,吉川 貴仁,6,6,6.73,0.12,12
20260630,20,若松,34,3546,中里 昌志,2,3,6.87,0.19,1
20260630,20,若松,54,3282,池本 輝明,1,4,6.9,0.27,1
20260630,20,若松,8,3455,谷本 幸司,3,1,6.86,0.11,1
20260630,20,若松,6,4349,犬童 千秋,4,2,6.8,0.24,1
20260630,20,若松,40,5209,小野 京平,5,5,6.88,0.19,1
20260630,20,若松,61,5448,福田 柊人,6,6,6.92,0.21,1
20260630,20,若松,3,4220,深川 和仁,1,1,6.87,0.15,2
20260630,20,若松,17,5169,堀本 翔太,2,3,6.83,0.18,2
20260630,20,若松,55,5382,山下 心一,3,6,6.86,0.41,2
20260630,20,若松,62,4219,本岡 勝利,4,4,6.91,0.21,2
20260630,20,若松,28,4451,松崎 祐太郎,5,2,6.86,0.15,2
20260630,20,若松,60,4579,中嶋 健一郎,6,5,6.81,0.14,2
20260630,20,若松,33,5195,北村 寧々,1,1,6.84,0.15,3
20260630,20,若松,27,4232,笠 雅雄,2,4,6.81,0.11,3
20260630,20,若松,5,3784,中島 友和,3,2,6.83,0.05,3
20260630,20,若松,10,5136,濱野 斗馬,4,6,6.87,0.11,3
20260630,20,若松,11,4791,黒澤 めぐみ,5,3,6.82,0.11,3
20260630,20,若松,47,4437,中田 元泰,6,5,6.84,0.16,3
20260630,20,若松,4,4414,大澤 真菜,1,2,6.84,0.11,4
20260630,20,若松,56,5350,網代 良芽,2,4,6.8,0.16,4
20260630,20,若松,44,3943,三松 直美,3,6,6.98,0.22,4
20260630,20,若松,23,5398,鐘ヶ江 真司,4,5,6.81,0.09,4
20260630,20,若松,12,4236,松村 敏,5,1,6.86,0.17,4
20260630,20,若松,38,4684,楠原 翔太,6,3,6.83,0.18,4
20260630,20,若松,26,5275,松田 淳平,1,1,6.78,0.11,5
20260630,20,若松,9,4430,永田 秀二,2,3,6.84,0.16,5
20260630,20,若松,1,4525,真子 奈津実,3,4,6.82,0.14,5
20260630,20,若松,19,5205,刑部 亜里紗,4,2,6.74,0.3,5
20260630,20,若松,46,4564,山本 景士郎,5,5,6.86,0.24,5
20260630,20,若松,39,4879,山崎 鉄平,6,6,6.87,0.26,5
20260630,20,若松,36,3660,長谷川 親王,1,2,6.87,0.13,6
20260630,20,若松,35,4231,鈴木 裕隆,2,1,6.85,0.17,6
20260630,20,若松,34,3546,中里 昌志,3,5,6.88,0.12,6
20260630,20,若松,16,5392,安武 一也,5,6,6.87,0.11,6
20260630,20,若松,58,4069,山本 修一,4,3,6.88,0.13,6
20260630,20,若松,7,4769,馬場 剛,6,4,6.9,0.16,6
20260630,20,若松,25,4239,竹田 辰也,1,1,6.81,0.07,7
20260630,20,若松,45,3212,亀本 勇樹,2,5,6.88,0.08,7
20260630,20,若松,3,4220,深川 和仁,3,4,6.88,0.11,7
20260630,20,若松,14,5170,佐藤 太亮,4,2,6.81,0.11,7
20260630,20,若松,22,4588,田中 京介,5,6,6.87,0.11,7
20260630,20,若松,8,3455,谷本 幸司,6,3,6.9,0.12,7
20260630,20,若松,10,5136,濱野 斗馬,1,1,6.89,0.07,8
20260630,20,若松,52,3854,吉川 元浩,2,2,6.82,0.11,8
20260630,20,若松,60,4579,中嶋 健一郎,3,3,6.77,0.11,8
20260630,20,若松,48,5375,庄島 潤成,4,5,6.82,0.13,8
20260630,20,若松,29,4226,村田 浩司,5,6,6.87,0.15,8
20260630,20,若松,24,4439,近藤 友宝,6,4,6.89,0.17,8
20260630,23,唐津,11,4734,安河内 将,1,1,6.76,0.09,1
20260630,23,唐津,23,3303,渡辺 豊,2,4,6.77,0.19,1
20260630,23,唐津,12,4680,後藤 美翼,3,2,6.7,0.11,1
20260630,23,唐津,46,4071,古賀 千晶,4,5,6.73,0.09,1
20260630,23,唐津,54,4965,福岡 泉水,5,3,6.78,0.08,1
20260630,23,唐津,50,5343,小林 礼央,6,6,6.79,0.11,1
20260630,23,唐津,9,4124,池田 雄一,1,1,6.74,0.25,2
20260630,23,唐津,42,4466,南 佑典,2,3,6.8,0.26,2
20260630,23,唐津,48,5117,冨名腰 桃奈,3,5,6.71,0.23,2
20260630,23,唐津,7,4382,高山 智至,4,2,6.73,0.17,2
20260630,23,唐津,26,5344,谷口 丞,5,4,6.83,0.15,2
20260630,23,唐津,21,5391,出穂 和鼓,6,6,6.7,0.15,2
20260630,23,唐津,44,4518,大須賀 友,1,14,6.66,-0.02,3
20260630,23,唐津,17,5201,村上 宗太郎,2,5,6.81,0.05,3
20260630,23,唐津,58,4556,竹井 奈美,3,2,6.69,0.06,3
20260630,23,唐津,13,4358,松本 庸平,4,1,6.65,0.1,3
20260630,23,唐津,40,5299,西丸 敦基,5,4,6.74,0.11,3
20260630,23,唐津,47,5211,高井 駿弥,6,3,6.8,0.07,3
20260630,23,唐津,31,4871,菊池 宏志,1,1,6.69,0.11,4
20260630,23,唐津,59,4788,小池 哲也,2,3,6.72,0.15,4
20260630,23,唐津,38,4425,大井 清貴,3,5,6.76,0.14,4
20260630,23,唐津,32,5224,西岡 顕心,4,2,6.67,0.2,4
20260630,23,唐津,41,3568,木村 光宏,5,6,6.73,0.21,4
20260630,23,唐津,53,4424,松尾 昂明,6,4,6.65,0.16,4
20260630,23,唐津,33,3232,山川 美由紀,1,5,6.74,0.14,5
20260630,23,唐津,10,5014,梶山 涼斗,2,1,6.7,0.09,5
20260630,23,唐津,25,4568,廣瀬 真也,3,2,6.7,0.12,5
20260630,23,唐津,1,4786,佐藤 博亮,4,4,6.72,0.17,5
20260630,23,唐津,18,4840,鈴木 秀茉,5,3,6.67,0.16,5
20260630,23,唐津,20,5285,若林 麗,6,6,6.73,0.19,5
20260630,23,唐津,16,5009,大賀 龍之介,1,1,6.71,0.19,6
20260630,23,唐津,24,4977,馬野 耀,2,2,6.71,0.13,6
20260630,23,唐津,26,5344,谷口 丞,3,3,6.75,0.1,6
20260630,23,唐津,60,4428,有賀 達也,4,5,6.75,0.15,6
20260630,23,唐津,12,4680,後藤 美翼,5,4,6.72,0.21,6
20260630,23,唐津,14,4854,大橋 由珠,6,6,6.72,0.19,6
20260630,23,唐津,19,4023,柴田 友和,1,4,6.71,0.05,7
20260630,23,唐津,8,5095,小原 聡将,2,1,6.68,0.06,7
20260630,23,唐津,47,5211,高井 駿弥,3,6,6.74,0.03,7
20260630,23,唐津,35,4271,川崎 公靖,4,2,6.7,0.01,7
20260630,23,唐津,22,4294,古賀 繁輝,5,3,6.69,0.05,7
20260630,23,唐津,7,4382,高山 智至,6,5,6.68,0.11,7
20260630,23,唐津,38,4425,大井 清貴,1,2,6.74,0.25,8
20260630,23,唐津,13,4358,松本 庸平,2,3,6.61,0.33,8
20260630,23,唐津,2,5028,原田 才一郎,3,1,6.61,0.24,8
20260630,23,唐津,50,5343,小林 礼央,4,5,6.71,0.21,8
20260630,23,唐津,21,5391,出穂 和鼓,5,6,6.74,0.25,8
20260630,23,唐津,28,5271,杉山 太陽,6,4,6.73,0.22,8
20260630,23,唐津,18,4840,鈴木 秀茉,1,1,6.65,0.15,9
20260630,23,唐津,54,4965,福岡 泉水,2,5,6.72,0.25,9
20260630,23,唐津,15,4991,宗行 治哉,3,3,6.69,0.2,9
20260630,23,唐津,29,5207,高山 敬悟,4,4,6.6,0.52,9
20260630,23,唐津,55,5139,大場 恒季,5,2,6.68,0.17,9
20260630,23,唐津,4,5431,得山 大輝,6,6,6.68,0.27,9
20260630,23,唐津,10,5014,梶山 涼斗,1,2,6.68,0.16,10
20260630,23,唐津,37,4434,田中 辰彦,2,1,6.68,0.29,10
20260630,23,唐津,44,4518,大須賀 友,3,3,6.66,0.31,10
20260630,23,唐津,16,5009,大賀 龍之介,6,6,6.7,0.27,10
20260630,23,唐津,42,4466,南 佑典,4,4,6.78,0.28,10
20260630,23,唐津,23,3303,渡辺 豊,5,5,6.75,0.27,10
20260630,23,唐津,60,4428,有賀 達也,1,3,6.66,0.18,11
20260630,23,唐津,40,5299,西丸 敦基,2,6,6.65,0.2,11
20260630,23,唐津,33,3232,山川 美由紀,3,5,6.72,0.21,11
20260630,23,唐津,31,4871,菊池 宏志,4,2,6.68,0.08,11
20260630,23,唐津,9,4124,池田 雄一,5,1,6.72,0.06,11
20260630,23,唐津,8,5095,小原 聡将,6,4,6.7,0.08,11
20260630,23,唐津,32,5224,西岡 顕心,1,2,6.67,0.14,12
20260630,23,唐津,58,4556,竹井 奈美,2,3,6.7,0.17,12
20260630,23,唐津,22,4294,古賀 繁輝,3,1,6.66,0.12,12
20260630,23,唐津,11,4734,安河内 将,4,6,6.77,0.17,12
20260630,23,唐津,2,5028,原田 才一郎,5,5,6.63,0.19,12
20260630,23,唐津,1,4786,佐藤 博亮,6,4,6.71,0.18,12
20260630,24,大村,15,3434,松尾 宣邦,1,2,6.9,0.2,1
20260630,24,大村,66,5312,川辺 郭人,2,3,6.89,0.2,1
20260630,24,大村,81,3772,一柳 和孝,3,5,6.94,0.3,1
20260630,24,大村,79,4027,松江 秀徳,4,1,6.92,0.21,1
20260630,24,大村,67,3807,岡部 哲,5,6,6.88,0.22,1
20260630,24,大村,78,5443,西村 仁吾,6,4,6.9,0.14,1
20260630,24,大村,19,4154,森安 弘雅,1,2,6.95,0.11,2
20260630,24,大村,72,5098,大江 純,2,5,6.93,0.08,2
20260630,24,大村,32,3863,海老澤 泰行,3,4,6.92,0.1,2
20260630,24,大村,41,3875,廣中 良一,4,3,6.89,0.06,2
20260630,24,大村,63,4209,藤田 竜弘,5,1,6.91,0.12,2
20260630,24,大村,12,5457,山田 陽翔,6,6,6.93,0.12,2
20260630,24,大村,24,3535,渡 修平,1,1,6.84,0.17,3
20260630,24,大村,64,5266,石田 勇斗,2,5,6.91,0.22,3
20260630,24,大村,21,4079,出畑 孝典,3,2,6.91,0.15,3
20260630,24,大村,45,4073,大橋 純一郎,4,3,6.89,0.15,3
20260630,24,大村,62,4724,吉田 祐貴,5,6,6.89,0.15,3
20260630,24,大村,61,4608,荒井 翔伍,6,4,6.89,0.14,3
20260630,24,大村,71,4092,岡部 大輔,1,1,6.95,0.15,4
20260630,24,大村,73,5284,嘉手苅 徹哉,2,6,6.93,0.16,4
20260630,24,大村,30,3964,宮地 博士,3,3,6.94,0.2,4
20260630,24,大村,28,4822,百武 翔,4,2,6.94,0.19,4
20260630,24,大村,48,3898,平田 忠則,6,5,6.86,0.15,4
20260630,24,大村,22,4164,岩永 節也,5,4,6.86,0.18,4
20260630,24,大村,76,4640,山ノ内 雅人,1,1,6.87,0.11,5
20260630,24,大村,70,5178,成貞 琳平,2,4,6.91,0.16,5
20260630,24,大村,60,3771,折下 寛法,3,3,6.91,0.09,5
20260630,24,大村,66,5312,川辺 郭人,4,5,6.9,0.21,5
20260630,24,大村,11,3859,多羅尾 達之,5,6,6.92,0.1,5
20260630,24,大村,65,4497,桑原 悠,6,2,6.85,0.11,5
20260630,24,大村,68,4411,沢田 昭宏,1,1,6.87,0.14,6
20260630,24,大村,67,3807,岡部 哲,2,2,6.87,0.11,6
20260630,24,大村,20,4375,照屋 厚仁,3,9,6.85,0.07,6
20260630,24,大村,72,5098,大江 純,4,3,6.92,0.05,6
20260630,24,大村,79,4027,松江 秀徳,5,4,6.95,0.08,6
20260630,24,大村,14,4269,杉山 裕也,6,5,6.87,0.07,6
20260630,24,大村,21,4079,出畑 孝典,1,1,6.87,0.09,7
20260630,24,大村,32,3863,海老澤 泰行,2,2,6.93,0.08,7
20260630,24,大村,75,3381,滝沢 芳行,3,5,6.88,0.07,7
20260630,24,大村,80,5089,前田 翔,4,4,6.92,0.19,7
20260630,24,大村,64,5266,石田 勇斗,5,3,6.89,0.12,7
20260630,24,大村,78,5443,西村 仁吾,6,6,6.92,0.09,7
20260630,24,大村,61,4608,荒井 翔伍,1,1,6.93,0.13,8
20260630,24,大村,63,4209,藤田 竜弘,2,2,6.89,0.15,8
20260630,24,大村,28,4822,百武 翔,3,4,6.94,0.19,8
20260630,24,大村,13,3558,山本 浩次,4,6,6.89,0.21,8
20260630,24,大村,55,3857,阿波 勝哉,5,5,6.83,0.19,8
20260630,24,大村,15,3434,松尾 宣邦,6,3,6.9,0.35,8
20260630,24,大村,48,3898,平田 忠則,1,1,6.85,0.12,9
20260630,24,大村,41,3875,廣中 良一,2,2,6.84,0.17,9
20260630,24,大村,45,4073,大橋 純一郎,3,3,6.87,0.18,9
20260630,24,大村,76,4640,山ノ内 雅人,4,4,6.89,0.23,9
20260630,24,大村,81,3772,一柳 和孝,5,5,6.92,0.25,9
20260630,24,大村,19,4154,森安 弘雅,6,6,6.93,0.37,9
20260630,24,大村,14,4269,杉山 裕也,1,1,6.87,0.14,10
20260630,24,大村,23,3951,石川 吉鎬,2,2,6.95,0.17,10
20260630,24,大村,29,3892,草場 康幸,3,3,6.95,0.15,10
20260630,24,大村,51,4948,木場 悠介,4,4,6.92,0.16,10
20260630,24,大村,68,4411,沢田 昭宏,5,4,6.92,0.15,10
20260630,24,大村,24,3535,渡 修平,6,6,6.88,0.19,10
20260630,24,大村,65,4497,桑原 悠,1,1,6.84,0.11,11
20260630,24,大村,69,4064,原田 篤志,2,3,6.91,0.14,11
20260630,24,大村,16,5112,砂長 知輝,3,2,6.89,0.16,11
20260630,24,大村,25,4331,三好 勇人,4,6,6.95,0.18,11
20260630,24,大村,26,5323,香川 陽太,5,5,6.96,0.24,11
20260630,24,大村,71,4092,岡部 大輔,6,4,6.92,0.25,11
20260630,24,大村,20,4375,照屋 厚仁,1,1,6.87,0.18,12
20260630,24,大村,22,4164,岩永 節也,2,3,6.89,0.11,12
20260630,24,大村,73,5284,嘉手苅 徹哉,3,5,6.9,0.15,12
20260630,24,大村,62,4724,吉田 祐貴,4,6,6.92,0.12,12
20260630,24,大村,60,3771,折下 寛法,5,2,6.92,0.09,12
20260630,24,大村,80,5089,前田 翔,6,4,6.94,0.13,12
